{
  "average_frame_build_time_millis": 0.47890625000000003,
  "90th_percentile_frame_build_time_millis": 0.515,
  "99th_percentile_frame_build_time_millis": 3.755,
  "worst_frame_build_time_millis": 3.755,
  "missed_frame_build_budget_count": 0,
  "average_frame_rasterizer_time_millis": 1.5358437500000002,
  "stddev_frame_rasterizer_time_millis": 0.39719531249999984,
  "90th_percentile_frame_rasterizer_time_millis": 1.98,
  "99th_percentile_frame_rasterizer_time_millis": 2.027,
  "worst_frame_rasterizer_time_millis": 2.027,
  "missed_frame_rasterizer_budget_count": 0,
  "frame_count": 32,
  "frame_rasterizer_count": 32,
  "new_gen_gc_count": 2,
  "old_gen_gc_count": 4,
  "frame_build_times": [
    2151,
    415,
    196,
    156,
    109,
    267,
    262,
    369,
    443,
    409,
    402,
    576,
    381,
    439,
    331,
    302,
    504,
    312,
    436,
    373,
    515,
    204,
    181,
    143,
    303,
    131,
    227,
    313,
    221,
    288,
    3755,
    211
  ],
  "frame_rasterizer_times": [
    681,
    617,
    603,
    511,
    504,
    1025,
    1191,
    1675,
    1900,
    1866,
    1980,
    1976,
    1992,
    1838,
    1363,
    1964,
    1766,
    1735,
    1490,
    1774,
    1823,
    1702,
    1811,
    1406,
    2027,
    1270,
    1890,
    1933,
    1573,
    1822,
    1414,
    2025
  ],
  "frame_begin_times": [
    0,
    14316,
    47423,
    62752,
    77176,
    93889,
    109989,
    130114,
    149819,
    171974,
    192466,
    212655,
    232629,
    249778,
    264703,
    296712,
    311966,
    327061,
    341791,
    357321,
    372497,
    388927,
    400192,
    408928,
    421189,
    428498,
    447655,
    467325,
    482938,
    498456,
    513660,
    600193
  ],
  "frame_rasterizer_begin_times": [
    0,
    13782,
    46939,
    62222,
    76600,
    93466,
    109561,
    129788,
    149568,
    171717,
    192169,
    212533,
    232308,
    249530,
    264329,
    296307,
    311754,
    326750,
    341525,
    356965,
    372304,
    388420,
    399744,
    408353,
    420768,
    427923,
    447156,
    466923,
    482441,
    498026,
    513187,
    599681
  ],
  "average_vsync_transitions_missed": 1.0,
  "90th_percentile_vsync_transitions_missed": 1.0,
  "99th_percentile_vsync_transitions_missed": 1.0,
  "average_vsync_frame_lag": 0.0,
  "90th_percentile_vsync_frame_lag": 0.0,
  "99th_percentile_vsync_frame_lag": 0.0,
  "average_layer_cache_count": 0.0,
  "90th_percentile_layer_cache_count": 0.0,
  "99th_percentile_layer_cache_count": 0.0,
  "average_frame_request_pending_latency": 16813.542857142857,
  "90th_percentile_frame_request_pending_latency": 21934.0,
  "99th_percentile_frame_request_pending_latency": 32980.0,
  "worst_layer_cache_count": 0.0,
  "average_layer_cache_memory": 0.0,
  "90th_percentile_layer_cache_memory": 0.0,
  "99th_percentile_layer_cache_memory": 0.0,
  "worst_layer_cache_memory": 0.0,
  "average_picture_cache_count": 0.0,
  "90th_percentile_picture_cache_count": 0.0,
  "99th_percentile_picture_cache_count": 0.0,
  "worst_picture_cache_count": 0.0,
  "average_picture_cache_memory": 0.0,
  "90th_percentile_picture_cache_memory": 0.0,
  "99th_percentile_picture_cache_memory": 0.0,
  "worst_picture_cache_memory": 0.0,
  "total_ui_gc_time": 3.2350000000000003,
  "30hz_frame_percentage": 0.0,
  "60hz_frame_percentage": 100.0,
  "80hz_frame_percentage": 0.0,
  "90hz_frame_percentage": 0.0,
  "120hz_frame_percentage": 0.0,
  "illegal_refresh_rate_frame_count": 0,
  "average_gpu_frame_time": 0.0,
  "90th_percentile_gpu_frame_time": 0.0,
  "99th_percentile_gpu_frame_time": 0.0,
  "worst_gpu_frame_time": 0.0,
  "average_gpu_memory_mb": 0.0,
  "90th_percentile_gpu_memory_mb": 0.0,
  "99th_percentile_gpu_memory_mb": 0.0,
  "worst_gpu_memory_mb": 0.0
}