{
  "average_frame_build_time_millis": 0.6366666666666665,
  "90th_percentile_frame_build_time_millis": 0.698,
  "99th_percentile_frame_build_time_millis": 5.574,
  "worst_frame_build_time_millis": 5.574,
  "missed_frame_build_budget_count": 0,
  "average_frame_rasterizer_time_millis": 4.893576923076923,
  "stddev_frame_rasterizer_time_millis": 1.0897307692307694,
  "90th_percentile_frame_rasterizer_time_millis": 7.055,
  "99th_percentile_frame_rasterizer_time_millis": 7.54,
  "worst_frame_rasterizer_time_millis": 7.54,
  "missed_frame_rasterizer_budget_count": 0,
  "frame_count": 27,
  "frame_rasterizer_count": 26,
  "new_gen_gc_count": 2,
  "old_gen_gc_count": 0,
  "frame_build_times": [
    2926,
    3193,
    177,
    333,
    231,
    491,
    232,
    143,
    138,
    206,
    698,
    285,
    162,
    232,
    213,
    200,
    262,
    113,
    238,
    143,
    177,
    160,
    59,
    203,
    120,
    5574,
    281
  ],
  "frame_rasterizer_times": [
    2987,
    5915,
    3287,
    5559,
    4253,
    7399,
    4274,
    2990,
    2503,
    3092,
    7055,
    6172,
    4348,
    5955,
    5435,
    7540,
    4841,
    4319,
    5413,
    4880,
    5215,
    5128,
    2903,
    4916,
    4773,
    6081
  ],
  "frame_begin_times": [
    0,
    22507,
    43554,
    68683,
    83623,
    114920,
    134943,
    147496,
    175667,
    191456,
    223689,
    244663,
    263486,
    285518,
    301672,
    333501,
    353812,
    372105,
    395151,
    414798,
    434762,
    453631,
    471358,
    490915,
    510260,
    533715,
    625307
  ],
  "frame_rasterizer_begin_times": [
    0,
    21686,
    42711,
    67989,
    82832,
    114383,
    134152,
    146621,
    174788,
    190642,
    223093,
    243921,
    262625,
    284728,
    300853,
    332656,
    352891,
    371189,
    394349,
    413906,
    433888,
    452761,
    470399,
    490020,
    509339,
    532886
  ],
  "average_vsync_transitions_missed": 1.0,
  "90th_percentile_vsync_transitions_missed": 1.0,
  "99th_percentile_vsync_transitions_missed": 1.0,
  "average_vsync_frame_lag": 0.0,
  "90th_percentile_vsync_frame_lag": 0.0,
  "99th_percentile_vsync_frame_lag": 0.0,
  "average_layer_cache_count": 0.0,
  "90th_percentile_layer_cache_count": 0.0,
  "99th_percentile_layer_cache_count": 0.0,
  "average_frame_request_pending_latency": 20505.4,
  "90th_percentile_frame_request_pending_latency": 28118.0,
  "99th_percentile_frame_request_pending_latency": 32081.0,
  "worst_layer_cache_count": 0.0,
  "average_layer_cache_memory": 0.0,
  "90th_percentile_layer_cache_memory": 0.0,
  "99th_percentile_layer_cache_memory": 0.0,
  "worst_layer_cache_memory": 0.0,
  "average_picture_cache_count": 33.333333333333336,
  "90th_percentile_picture_cache_count": 63.0,
  "99th_percentile_picture_cache_count": 72.0,
  "worst_picture_cache_count": 72.0,
  "average_picture_cache_memory": 0.08613577777777778,
  "90th_percentile_picture_cache_memory": 0.162865,
  "99th_percentile_picture_cache_memory": 0.186005,
  "worst_picture_cache_memory": 0.186005,
  "total_ui_gc_time": 2.699,
  "30hz_frame_percentage": 0.0,
  "60hz_frame_percentage": 100.0,
  "80hz_frame_percentage": 0.0,
  "90hz_frame_percentage": 0.0,
  "120hz_frame_percentage": 0.0,
  "illegal_refresh_rate_frame_count": 0,
  "average_gpu_frame_time": 0.0,
  "90th_percentile_gpu_frame_time": 0.0,
  "99th_percentile_gpu_frame_time": 0.0,
  "worst_gpu_frame_time": 0.0,
  "average_gpu_memory_mb": 0.0,
  "90th_percentile_gpu_memory_mb": 0.0,
  "99th_percentile_gpu_memory_mb": 0.0,
  "worst_gpu_memory_mb": 0.0
}