{
  "average_frame_build_time_millis": 0.5045833333333333,
  "90th_percentile_frame_build_time_millis": 0.361,
  "99th_percentile_frame_build_time_millis": 3.858,
  "worst_frame_build_time_millis": 3.858,
  "missed_frame_build_budget_count": 0,
  "average_frame_rasterizer_time_millis": 3.933173913043478,
  "stddev_frame_rasterizer_time_millis": 0.7067183364839321,
  "90th_percentile_frame_rasterizer_time_millis": 5.144,
  "99th_percentile_frame_rasterizer_time_millis": 5.449,
  "worst_frame_rasterizer_time_millis": 5.449,
  "missed_frame_rasterizer_budget_count": 0,
  "frame_count": 24,
  "frame_rasterizer_count": 23,
  "new_gen_gc_count": 0,
  "old_gen_gc_count": 2,
  "frame_build_times": [
    3856,
    361,
    147,
    100,
    124,
    233,
    209,
    223,
    283,
    270,
    279,
    242,
    204,
    208,
    175,
    183,
    176,
    139,
    117,
    207,
    151,
    86,
    3858,
    279
  ],
  "frame_rasterizer_times": [
    3429,
    2950,
    2492,
    2402,
    2848,
    3642,
    4209,
    4055,
    5018,
    4807,
    4512,
    5268,
    5144,
    4729,
    3493,
    4268,
    3917,
    3605,
    3620,
    5449,
    3808,
    3014,
    3784
  ],
  "frame_begin_times": [
    0,
    23121,
    43116,
    62760,
    75918,
    95209,
    114922,
    134695,
    154384,
    174255,
    194137,
    213912,
    233037,
    252672,
    268012,
    298914,
    314062,
    329924,
    348533,
    376809,
    391835,
    404430,
    423412,
    533135
  ],
  "frame_rasterizer_begin_times": [
    0,
    20745,
    40761,
    60359,
    73540,
    92940,
    112624,
    132408,
    152160,
    172013,
    191904,
    211659,
    230732,
    250374,
    265678,
    296603,
    311721,
    327551,
    346139,
    374470,
    389473,
    402005,
    421128
  ],
  "average_vsync_transitions_missed": 1.0,
  "90th_percentile_vsync_transitions_missed": 1.0,
  "99th_percentile_vsync_transitions_missed": 1.0,
  "average_vsync_frame_lag": 0.0,
  "90th_percentile_vsync_frame_lag": 0.0,
  "99th_percentile_vsync_frame_lag": 0.0,
  "average_layer_cache_count": 0.0,
  "90th_percentile_layer_cache_count": 0.0,
  "99th_percentile_layer_cache_count": 0.0,
  "average_frame_request_pending_latency": 19499.40740740741,
  "90th_percentile_frame_request_pending_latency": 27790.0,
  "99th_percentile_frame_request_pending_latency": 30810.0,
  "worst_layer_cache_count": 0.0,
  "average_layer_cache_memory": 0.0,
  "90th_percentile_layer_cache_memory": 0.0,
  "99th_percentile_layer_cache_memory": 0.0,
  "worst_layer_cache_memory": 0.0,
  "average_picture_cache_count": 27.391304347826086,
  "90th_percentile_picture_cache_count": 54.0,
  "99th_percentile_picture_cache_count": 60.0,
  "worst_picture_cache_count": 60.0,
  "average_picture_cache_memory": 0.07075504347826087,
  "90th_percentile_picture_cache_memory": 0.139503,
  "99th_percentile_picture_cache_memory": 0.155025,
  "worst_picture_cache_memory": 0.155025,
  "total_ui_gc_time": 0.664,
  "30hz_frame_percentage": 0.0,
  "60hz_frame_percentage": 100.0,
  "80hz_frame_percentage": 0.0,
  "90hz_frame_percentage": 0.0,
  "120hz_frame_percentage": 0.0,
  "illegal_refresh_rate_frame_count": 0,
  "average_gpu_frame_time": 0.0,
  "90th_percentile_gpu_frame_time": 0.0,
  "99th_percentile_gpu_frame_time": 0.0,
  "worst_gpu_frame_time": 0.0,
  "average_gpu_memory_mb": 0.0,
  "90th_percentile_gpu_memory_mb": 0.0,
  "99th_percentile_gpu_memory_mb": 0.0,
  "worst_gpu_memory_mb": 0.0
}