{
  "average_frame_build_time_millis": 0.1560666666666667,
  "90th_percentile_frame_build_time_millis": 0.294,
  "99th_percentile_frame_build_time_millis": 0.576,
  "worst_frame_build_time_millis": 0.576,
  "missed_frame_build_budget_count": 0,
  "average_frame_rasterizer_time_millis": 0.5044666666666667,
  "stddev_frame_rasterizer_time_millis": 0.2738577777777778,
  "90th_percentile_frame_rasterizer_time_millis": 0.905,
  "99th_percentile_frame_rasterizer_time_millis": 1.239,
  "worst_frame_rasterizer_time_millis": 1.239,
  "missed_frame_rasterizer_budget_count": 0,
  "frame_count": 30,
  "frame_rasterizer_count": 30,
  "new_gen_gc_count": 2,
  "old_gen_gc_count": 0,
  "frame_build_times": [
    275,
    77,
    354,
    174,
    294,
    195,
    182,
    108,
    233,
    290,
    375,
    216,
    100,
    205,
    83,
    79,
    37,
    64,
    83,
    124,
    56,
    46,
    40,
    48,
    38,
    52,
    49,
    37,
    576,
    192
  ],
  "frame_rasterizer_times": [
    320,
    302,
    626,
    807,
    857,
    892,
    905,
    389,
    967,
    875,
    1004,
    903,
    348,
    360,
    346,
    367,
    249,
    332,
    391,
    370,
    337,
    180,
    194,
    216,
    203,
    202,
    192,
    179,
    582,
    1239
  ],
  "frame_begin_times": [
    0,
    18985,
    37886,
    53489,
    69550,
    101030,
    120140,
    131272,
    163322,
    179386,
    203187,
    222997,
    240775,
    257024,
    272674,
    287855,
    292573,
    312647,
    332719,
    349815,
    364753,
    379815,
    411080,
    426964,
    441896,
    460725,
    472635,
    480444,
    503195,
    581649
  ],
  "frame_rasterizer_begin_times": [
    0,
    18940,
    37934,
    53537,
    69710,
    101082,
    120192,
    131255,
    163416,
    179545,
    203260,
    223071,
    240784,
    257147,
    272650,
    287824,
    292504,
    312602,
    332693,
    349827,
    364748,
    379755,
    411010,
    426904,
    441826,
    460669,
    472572,
    480374,
    503207,
    581709
  ],
  "average_vsync_transitions_missed": 1.0,
  "90th_percentile_vsync_transitions_missed": 1.0,
  "99th_percentile_vsync_transitions_missed": 1.0,
  "average_vsync_frame_lag": 0.0,
  "90th_percentile_vsync_frame_lag": 0.0,
  "99th_percentile_vsync_frame_lag": 0.0,
  "average_layer_cache_count": 0.0,
  "90th_percentile_layer_cache_count": 0.0,
  "99th_percentile_layer_cache_count": 0.0,
  "average_frame_request_pending_latency": 16882.91176470588,
  "90th_percentile_frame_request_pending_latency": 24703.0,
  "99th_percentile_frame_request_pending_latency": 31315.0,
  "worst_layer_cache_count": 0.0,
  "average_layer_cache_memory": 0.0,
  "90th_percentile_layer_cache_memory": 0.0,
  "99th_percentile_layer_cache_memory": 0.0,
  "worst_layer_cache_memory": 0.0,
  "average_picture_cache_count": 0.0,
  "90th_percentile_picture_cache_count": 0.0,
  "99th_percentile_picture_cache_count": 0.0,
  "worst_picture_cache_count": 0.0,
  "average_picture_cache_memory": 0.0,
  "90th_percentile_picture_cache_memory": 0.0,
  "99th_percentile_picture_cache_memory": 0.0,
  "worst_picture_cache_memory": 0.0,
  "total_ui_gc_time": 0.914,
  "30hz_frame_percentage": 0.0,
  "60hz_frame_percentage": 100.0,
  "80hz_frame_percentage": 0.0,
  "90hz_frame_percentage": 0.0,
  "120hz_frame_percentage": 0.0,
  "illegal_refresh_rate_frame_count": 0,
  "average_gpu_frame_time": 0.0,
  "90th_percentile_gpu_frame_time": 0.0,
  "99th_percentile_gpu_frame_time": 0.0,
  "worst_gpu_frame_time": 0.0,
  "average_gpu_memory_mb": 0.0,
  "90th_percentile_gpu_memory_mb": 0.0,
  "99th_percentile_gpu_memory_mb": 0.0,
  "worst_gpu_memory_mb": 0.0
}