{
  "average_frame_build_time_millis": 0.19580555555555557,
  "90th_percentile_frame_build_time_millis": 0.352,
  "99th_percentile_frame_build_time_millis": 0.819,
  "worst_frame_build_time_millis": 0.819,
  "missed_frame_build_budget_count": 0,
  "average_frame_rasterizer_time_millis": 0.6289722222222223,
  "stddev_frame_rasterizer_time_millis": 0.4513024691358025,
  "90th_percentile_frame_rasterizer_time_millis": 1.301,
  "99th_percentile_frame_rasterizer_time_millis": 1.405,
  "worst_frame_rasterizer_time_millis": 1.405,
  "missed_frame_rasterizer_budget_count": 0,
  "frame_count": 36,
  "frame_rasterizer_count": 36,
  "new_gen_gc_count": 0,
  "old_gen_gc_count": 0,
  "frame_build_times": [
    258,
    35,
    66,
    64,
    86,
    85,
    60,
    76,
    87,
    78,
    83,
    86,
    94,
    95,
    108,
    73,
    109,
    93,
    113,
    352,
    135,
    409,
    298,
    295,
    282,
    219,
    297,
    320,
    357,
    342,
    234,
    346,
    222,
    162,
    819,
    211
  ],
  "frame_rasterizer_times": [
    216,
    202,
    199,
    154,
    256,
    191,
    163,
    208,
    158,
    206,
    251,
    201,
    189,
    287,
    215,
    294,
    230,
    276,
    289,
    1144,
    271,
    1222,
    1102,
    1175,
    1126,
    1329,
    935,
    1057,
    1189,
    1405,
    1301,
    1315,
    1020,
    890,
    897,
    1080
  ],
  "frame_begin_times": [
    0,
    16568,
    24916,
    41631,
    49973,
    66598,
    75004,
    91634,
    99971,
    116639,
    125050,
    141624,
    149934,
    166628,
    174953,
    191725,
    199961,
    216631,
    224963,
    241885,
    249950,
    266706,
    275073,
    291643,
    299982,
    316810,
    325057,
    341635,
    349994,
    366775,
    375183,
    391769,
    400046,
    416807,
    425168,
    525217
  ],
  "frame_rasterizer_begin_times": [
    0,
    16492,
    24874,
    41578,
    49931,
    66577,
    74951,
    91604,
    99929,
    116606,
    125004,
    141581,
    149887,
    166603,
    174929,
    191694,
    199933,
    216601,
    224945,
    242085,
    249944,
    266923,
    275206,
    291774,
    300130,
    316887,
    325226,
    341815,
    350215,
    366939,
    375278,
    391931,
    400110,
    416819,
    425200,
    525284
  ],
  "average_vsync_transitions_missed": 0.0,
  "90th_percentile_vsync_transitions_missed": 0.0,
  "99th_percentile_vsync_transitions_missed": 0.0,
  "average_vsync_frame_lag": 0.0,
  "90th_percentile_vsync_frame_lag": 0.0,
  "99th_percentile_vsync_frame_lag": 0.0,
  "average_layer_cache_count": 0.0,
  "90th_percentile_layer_cache_count": 0.0,
  "99th_percentile_layer_cache_count": 0.0,
  "average_frame_request_pending_latency": 8158.555555555556,
  "90th_percentile_frame_request_pending_latency": 8352.0,
  "99th_percentile_frame_request_pending_latency": 8423.0,
  "worst_layer_cache_count": 0.0,
  "average_layer_cache_memory": 0.0,
  "90th_percentile_layer_cache_memory": 0.0,
  "99th_percentile_layer_cache_memory": 0.0,
  "worst_layer_cache_memory": 0.0,
  "average_picture_cache_count": 0.0,
  "90th_percentile_picture_cache_count": 0.0,
  "99th_percentile_picture_cache_count": 0.0,
  "worst_picture_cache_count": 0.0,
  "average_picture_cache_memory": 0.0,
  "90th_percentile_picture_cache_memory": 0.0,
  "99th_percentile_picture_cache_memory": 0.0,
  "worst_picture_cache_memory": 0.0,
  "total_ui_gc_time": 0.0,
  "30hz_frame_percentage": 0.0,
  "60hz_frame_percentage": 0.0,
  "80hz_frame_percentage": 0.0,
  "90hz_frame_percentage": 0.0,
  "120hz_frame_percentage": 100.0,
  "illegal_refresh_rate_frame_count": 0,
  "average_gpu_frame_time": 0.0,
  "90th_percentile_gpu_frame_time": 0.0,
  "99th_percentile_gpu_frame_time": 0.0,
  "worst_gpu_frame_time": 0.0,
  "average_gpu_memory_mb": 0.0,
  "90th_percentile_gpu_memory_mb": 0.0,
  "99th_percentile_gpu_memory_mb": 0.0,
  "worst_gpu_memory_mb": 0.0
}