{
  "average_frame_build_time_millis": 0.13091428571428576,
  "90th_percentile_frame_build_time_millis": 0.156,
  "99th_percentile_frame_build_time_millis": 0.705,
  "worst_frame_build_time_millis": 0.705,
  "missed_frame_build_budget_count": 0,
  "average_frame_rasterizer_time_millis": 0.7523428571428572,
  "stddev_frame_rasterizer_time_millis": 0.5727591836734697,
  "90th_percentile_frame_rasterizer_time_millis": 0.841,
  "99th_percentile_frame_rasterizer_time_millis": 8.739,
  "worst_frame_rasterizer_time_millis": 8.739,
  "missed_frame_rasterizer_budget_count": 0,
  "frame_count": 35,
  "frame_rasterizer_count": 35,
  "new_gen_gc_count": 2,
  "old_gen_gc_count": 0,
  "frame_build_times": [
    705,
    86,
    94,
    97,
    111,
    88,
    81,
    68,
    56,
    114,
    109,
    88,
    93,
    87,
    102,
    110,
    95,
    93,
    159,
    117,
    110,
    115,
    156,
    124,
    130,
    131,
    149,
    136,
    149,
    138,
    106,
    113,
    107,
    311,
    54
  ],
  "frame_rasterizer_times": [
    8739,
    841,
    435,
    2048,
    605,
    825,
    460,
    618,
    536,
    1332,
    276,
    293,
    294,
    250,
    284,
    259,
    267,
    255,
    331,
    378,
    379,
    353,
    604,
    452,
    589,
    499,
    557,
    388,
    567,
    479,
    595,
    492,
    385,
    327,
    340
  ],
  "frame_begin_times": [
    0,
    8367,
    24923,
    33314,
    49917,
    58314,
    74918,
    92520,
    99942,
    108295,
    124956,
    133272,
    149931,
    158310,
    174910,
    183296,
    199944,
    208271,
    224958,
    239242,
    249936,
    258264,
    274931,
    283277,
    300034,
    308318,
    324941,
    333271,
    349992,
    358272,
    375041,
    383275,
    399950,
    408235,
    508207
  ],
  "frame_rasterizer_begin_times": [
    0,
    8780,
    24533,
    32919,
    49534,
    57914,
    74512,
    92103,
    99512,
    107923,
    124572,
    132876,
    149537,
    157919,
    174519,
    182926,
    199547,
    207888,
    224617,
    238868,
    249557,
    257892,
    274579,
    282948,
    299680,
    307968,
    324582,
    332927,
    349648,
    357919,
    374667,
    382900,
    399577,
    407843,
    507776
  ],
  "average_vsync_transitions_missed": 1.0,
  "90th_percentile_vsync_transitions_missed": 1.0,
  "99th_percentile_vsync_transitions_missed": 1.0,
  "average_vsync_frame_lag": 0.0,
  "90th_percentile_vsync_frame_lag": 0.0,
  "99th_percentile_vsync_frame_lag": 0.0,
  "average_layer_cache_count": 0.0,
  "90th_percentile_layer_cache_count": 0.0,
  "99th_percentile_layer_cache_count": 0.0,
  "average_frame_request_pending_latency": 8263.426229508197,
  "90th_percentile_frame_request_pending_latency": 8365.0,
  "99th_percentile_frame_request_pending_latency": 14070.0,
  "worst_layer_cache_count": 0.0,
  "average_layer_cache_memory": 0.0,
  "90th_percentile_layer_cache_memory": 0.0,
  "99th_percentile_layer_cache_memory": 0.0,
  "worst_layer_cache_memory": 0.0,
  "average_picture_cache_count": 16.65714285714286,
  "90th_percentile_picture_cache_count": 20.0,
  "99th_percentile_picture_cache_count": 20.0,
  "worst_picture_cache_count": 20.0,
  "average_picture_cache_memory": 0.7113291428571433,
  "90th_percentile_picture_cache_memory": 0.861115,
  "99th_percentile_picture_cache_memory": 0.861115,
  "worst_picture_cache_memory": 0.861115,
  "total_ui_gc_time": 0.156,
  "30hz_frame_percentage": 0.0,
  "60hz_frame_percentage": 0.0,
  "80hz_frame_percentage": 0.0,
  "90hz_frame_percentage": 0.0,
  "120hz_frame_percentage": 100.0,
  "illegal_refresh_rate_frame_count": 0,
  "average_gpu_frame_time": 0.0,
  "90th_percentile_gpu_frame_time": 0.0,
  "99th_percentile_gpu_frame_time": 0.0,
  "worst_gpu_frame_time": 0.0,
  "average_gpu_memory_mb": 0.0,
  "90th_percentile_gpu_memory_mb": 0.0,
  "99th_percentile_gpu_memory_mb": 0.0,
  "worst_gpu_memory_mb": 0.0
}