{
  "average_frame_build_time_millis": 0.17156250000000003,
  "90th_percentile_frame_build_time_millis": 0.298,
  "99th_percentile_frame_build_time_millis": 0.755,
  "worst_frame_build_time_millis": 0.755,
  "missed_frame_build_budget_count": 0,
  "average_frame_rasterizer_time_millis": 1.26665625,
  "stddev_frame_rasterizer_time_millis": 0.83706640625,
  "90th_percentile_frame_rasterizer_time_millis": 1.745,
  "99th_percentile_frame_rasterizer_time_millis": 11.029,
  "worst_frame_rasterizer_time_millis": 11.029,
  "missed_frame_rasterizer_budget_count": 0,
  "frame_count": 32,
  "frame_rasterizer_count": 32,
  "new_gen_gc_count": 0,
  "old_gen_gc_count": 0,
  "frame_build_times": [
    565,
    70,
    73,
    61,
    75,
    65,
    72,
    100,
    67,
    183,
    115,
    133,
    209,
    205,
    192,
    195,
    216,
    84,
    129,
    156,
    143,
    115,
    161,
    192,
    374,
    120,
    182,
    40,
    48,
    97,
    755,
    298
  ],
  "frame_rasterizer_times": [
    11029,
    1330,
    1279,
    3532,
    855,
    919,
    716,
    1745,
    1025,
    1118,
    496,
    801,
    823,
    888,
    959,
    815,
    887,
    279,
    790,
    719,
    641,
    275,
    1076,
    673,
    1244,
    695,
    736,
    247,
    287,
    628,
    948,
    2078
  ],
  "frame_begin_times": [
    0,
    14091,
    30370,
    45256,
    61299,
    76538,
    96072,
    115190,
    134143,
    155248,
    173798,
    186101,
    201992,
    218036,
    233382,
    263632,
    284135,
    301036,
    325371,
    342154,
    359255,
    378535,
    402069,
    407296,
    421761,
    442257,
    458489,
    473584,
    489934,
    509528,
    529201,
    639210
  ],
  "frame_rasterizer_begin_times": [
    0,
    13782,
    30065,
    44940,
    60988,
    76224,
    95764,
    114903,
    133833,
    155051,
    173524,
    185840,
    201800,
    217792,
    233175,
    263429,
    283933,
    300740,
    325121,
    341916,
    358979,
    378219,
    401884,
    407096,
    421700,
    441990,
    458282,
    473251,
    489605,
    509239,
    528972,
    639072
  ],
  "average_vsync_transitions_missed": 1.0,
  "90th_percentile_vsync_transitions_missed": 1.0,
  "99th_percentile_vsync_transitions_missed": 1.0,
  "average_vsync_frame_lag": 0.0,
  "90th_percentile_vsync_frame_lag": 0.0,
  "99th_percentile_vsync_frame_lag": 0.0,
  "average_layer_cache_count": 0.0,
  "90th_percentile_layer_cache_count": 0.0,
  "99th_percentile_layer_cache_count": 0.0,
  "average_frame_request_pending_latency": 18556.029411764706,
  "90th_percentile_frame_request_pending_latency": 30017.0,
  "99th_percentile_frame_request_pending_latency": 31597.0,
  "worst_layer_cache_count": 0.0,
  "average_layer_cache_memory": 0.0,
  "90th_percentile_layer_cache_memory": 0.0,
  "99th_percentile_layer_cache_memory": 0.0,
  "worst_layer_cache_memory": 0.0,
  "average_picture_cache_count": 16.34375,
  "90th_percentile_picture_cache_count": 20.0,
  "99th_percentile_picture_cache_count": 20.0,
  "worst_picture_cache_count": 20.0,
  "average_picture_cache_memory": 0.4394700625000001,
  "90th_percentile_picture_cache_memory": 0.542854,
  "99th_percentile_picture_cache_memory": 0.542854,
  "worst_picture_cache_memory": 0.542854,
  "total_ui_gc_time": 0.0,
  "30hz_frame_percentage": 0.0,
  "60hz_frame_percentage": 100.0,
  "80hz_frame_percentage": 0.0,
  "90hz_frame_percentage": 0.0,
  "120hz_frame_percentage": 0.0,
  "illegal_refresh_rate_frame_count": 0,
  "average_gpu_frame_time": 0.0,
  "90th_percentile_gpu_frame_time": 0.0,
  "99th_percentile_gpu_frame_time": 0.0,
  "worst_gpu_frame_time": 0.0,
  "average_gpu_memory_mb": 0.0,
  "90th_percentile_gpu_memory_mb": 0.0,
  "99th_percentile_gpu_memory_mb": 0.0,
  "worst_gpu_memory_mb": 0.0
}