{
  "average_frame_build_time_millis": 0.2712121212121211,
  "90th_percentile_frame_build_time_millis": 0.357,
  "99th_percentile_frame_build_time_millis": 1.363,
  "worst_frame_build_time_millis": 1.363,
  "missed_frame_build_budget_count": 0,
  "average_frame_rasterizer_time_millis": 1.1587878787878785,
  "stddev_frame_rasterizer_time_millis": 0.17546556473829206,
  "90th_percentile_frame_rasterizer_time_millis": 1.501,
  "99th_percentile_frame_rasterizer_time_millis": 2.057,
  "worst_frame_rasterizer_time_millis": 2.057,
  "missed_frame_rasterizer_budget_count": 0,
  "frame_count": 33,
  "frame_rasterizer_count": 33,
  "new_gen_gc_count": 0,
  "old_gen_gc_count": 0,
  "frame_build_times": [
    583,
    69,
    104,
    127,
    44,
    185,
    357,
    190,
    188,
    183,
    149,
    203,
    166,
    247,
    189,
    177,
    482,
    257,
    357,
    167,
    316,
    313,
    266,
    187,
    201,
    345,
    277,
    313,
    256,
    208,
    185,
    1363,
    296
  ],
  "frame_rasterizer_times": [
    1084,
    1061,
    1245,
    1059,
    379,
    1186,
    2057,
    1641,
    1434,
    1172,
    960,
    1031,
    954,
    864,
    631,
    1501,
    1115,
    1127,
    1632,
    1182,
    1113,
    1215,
    1179,
    1129,
    1155,
    1207,
    1284,
    1134,
    1181,
    916,
    1119,
    1161,
    1132
  ],
  "frame_begin_times": [
    0,
    12347,
    27101,
    46423,
    62049,
    92799,
    109081,
    139799,
    160087,
    180553,
    198672,
    219126,
    234578,
    266412,
    277817,
    310031,
    327892,
    342721,
    359653,
    368941,
    388808,
    419988,
    435602,
    451165,
    466967,
    497422,
    512940,
    543959,
    559520,
    564122,
    584702,
    600481,
    700132
  ],
  "frame_rasterizer_begin_times": [
    0,
    12053,
    26849,
    46194,
    61746,
    92622,
    109021,
    139627,
    159901,
    180355,
    198454,
    218944,
    234386,
    266304,
    277659,
    309838,
    327957,
    342680,
    359498,
    368744,
    388745,
    420029,
    435490,
    450965,
    466798,
    497440,
    512845,
    543892,
    559399,
    563941,
    584512,
    600331,
    700025
  ],
  "average_vsync_transitions_missed": 1.0,
  "90th_percentile_vsync_transitions_missed": 1.0,
  "99th_percentile_vsync_transitions_missed": 1.0,
  "average_vsync_frame_lag": 0.0,
  "90th_percentile_vsync_frame_lag": 0.0,
  "99th_percentile_vsync_frame_lag": 0.0,
  "average_layer_cache_count": 0.0,
  "90th_percentile_layer_cache_count": 0.0,
  "99th_percentile_layer_cache_count": 0.0,
  "average_frame_request_pending_latency": 18549.702702702703,
  "90th_percentile_frame_request_pending_latency": 30505.0,
  "99th_percentile_frame_request_pending_latency": 31883.0,
  "worst_layer_cache_count": 0.0,
  "average_layer_cache_memory": 0.0,
  "90th_percentile_layer_cache_memory": 0.0,
  "99th_percentile_layer_cache_memory": 0.0,
  "worst_layer_cache_memory": 0.0,
  "average_picture_cache_count": 16.454545454545453,
  "90th_percentile_picture_cache_count": 20.0,
  "99th_percentile_picture_cache_count": 20.0,
  "worst_picture_cache_count": 20.0,
  "average_picture_cache_memory": 0.44260290909090916,
  "90th_percentile_picture_cache_memory": 0.542854,
  "99th_percentile_picture_cache_memory": 0.542854,
  "worst_picture_cache_memory": 0.542854,
  "total_ui_gc_time": 0.0,
  "30hz_frame_percentage": 0.0,
  "60hz_frame_percentage": 100.0,
  "80hz_frame_percentage": 0.0,
  "90hz_frame_percentage": 0.0,
  "120hz_frame_percentage": 0.0,
  "illegal_refresh_rate_frame_count": 0,
  "average_gpu_frame_time": 0.0,
  "90th_percentile_gpu_frame_time": 0.0,
  "99th_percentile_gpu_frame_time": 0.0,
  "worst_gpu_frame_time": 0.0,
  "average_gpu_memory_mb": 0.0,
  "90th_percentile_gpu_memory_mb": 0.0,
  "99th_percentile_gpu_memory_mb": 0.0,
  "worst_gpu_memory_mb": 0.0
}