{
  "average_frame_build_time_millis": 0.24493750000000003,
  "90th_percentile_frame_build_time_millis": 0.383,
  "99th_percentile_frame_build_time_millis": 0.809,
  "worst_frame_build_time_millis": 0.809,
  "missed_frame_build_budget_count": 0,
  "average_frame_rasterizer_time_millis": 0.8013750000000001,
  "stddev_frame_rasterizer_time_millis": 0.211984375,
  "90th_percentile_frame_rasterizer_time_millis": 1.041,
  "99th_percentile_frame_rasterizer_time_millis": 1.459,
  "worst_frame_rasterizer_time_millis": 1.459,
  "missed_frame_rasterizer_budget_count": 0,
  "frame_count": 32,
  "frame_rasterizer_count": 32,
  "new_gen_gc_count": 2,
  "old_gen_gc_count": 0,
  "frame_build_times": [
    260,
    112,
    137,
    242,
    217,
    239,
    261,
    60,
    158,
    85,
    70,
    383,
    262,
    385,
    63,
    101,
    144,
    163,
    288,
    312,
    311,
    206,
    260,
    209,
    152,
    216,
    315,
    762,
    202,
    215,
    809,
    239
  ],
  "frame_rasterizer_times": [
    256,
    542,
    649,
    916,
    893,
    882,
    804,
    353,
    743,
    433,
    336,
    999,
    1066,
    884,
    246,
    395,
    669,
    805,
    866,
    926,
    940,
    889,
    986,
    926,
    835,
    940,
    946,
    1140,
    972,
    907,
    1459,
    1041
  ],
  "frame_begin_times": [
    0,
    16121,
    31718,
    47993,
    64267,
    80219,
    95043,
    100074,
    119245,
    132813,
    140986,
    173517,
    189489,
    205683,
    219647,
    234254,
    251119,
    266417,
    286396,
    297433,
    313410,
    329095,
    344854,
    360542,
    375352,
    395584,
    416326,
    436163,
    446993,
    457026,
    469992,
    559387
  ],
  "frame_rasterizer_begin_times": [
    0,
    16087,
    31740,
    48142,
    64361,
    80314,
    95188,
    100031,
    119281,
    132793,
    140954,
    173770,
    189627,
    206002,
    219603,
    234237,
    251145,
    266457,
    286461,
    297610,
    313585,
    329194,
    344984,
    360614,
    375384,
    395656,
    416386,
    436244,
    447057,
    457097,
    470064,
    559582
  ],
  "average_vsync_transitions_missed": 0.0,
  "90th_percentile_vsync_transitions_missed": 0.0,
  "99th_percentile_vsync_transitions_missed": 0.0,
  "average_vsync_frame_lag": 0.0,
  "90th_percentile_vsync_frame_lag": 0.0,
  "99th_percentile_vsync_frame_lag": 0.0,
  "average_layer_cache_count": 0.0,
  "90th_percentile_layer_cache_count": 0.0,
  "99th_percentile_layer_cache_count": 0.0,
  "average_frame_request_pending_latency": 16102.5,
  "90th_percentile_frame_request_pending_latency": 20383.0,
  "99th_percentile_frame_request_pending_latency": 45762.0,
  "worst_layer_cache_count": 0.0,
  "average_layer_cache_memory": 0.0,
  "90th_percentile_layer_cache_memory": 0.0,
  "99th_percentile_layer_cache_memory": 0.0,
  "worst_layer_cache_memory": 0.0,
  "average_picture_cache_count": 0.0,
  "90th_percentile_picture_cache_count": 0.0,
  "99th_percentile_picture_cache_count": 0.0,
  "worst_picture_cache_count": 0.0,
  "average_picture_cache_memory": 0.0,
  "90th_percentile_picture_cache_memory": 0.0,
  "99th_percentile_picture_cache_memory": 0.0,
  "worst_picture_cache_memory": 0.0,
  "total_ui_gc_time": 0.217,
  "30hz_frame_percentage": 0.0,
  "60hz_frame_percentage": 100.0,
  "80hz_frame_percentage": 0.0,
  "90hz_frame_percentage": 0.0,
  "120hz_frame_percentage": 0.0,
  "illegal_refresh_rate_frame_count": 0,
  "average_gpu_frame_time": 0.0,
  "90th_percentile_gpu_frame_time": 0.0,
  "99th_percentile_gpu_frame_time": 0.0,
  "worst_gpu_frame_time": 0.0,
  "average_gpu_memory_mb": 0.0,
  "90th_percentile_gpu_memory_mb": 0.0,
  "99th_percentile_gpu_memory_mb": 0.0,
  "worst_gpu_memory_mb": 0.0
}