{
  "average_frame_build_time_millis": 0.21031034482758615,
  "90th_percentile_frame_build_time_millis": 0.472,
  "99th_percentile_frame_build_time_millis": 0.854,
  "worst_frame_build_time_millis": 0.854,
  "missed_frame_build_budget_count": 0,
  "average_frame_rasterizer_time_millis": 1.8887931034482761,
  "stddev_frame_rasterizer_time_millis": 1.4096432818073723,
  "90th_percentile_frame_rasterizer_time_millis": 2.548,
  "99th_percentile_frame_rasterizer_time_millis": 18.986,
  "worst_frame_rasterizer_time_millis": 18.986,
  "missed_frame_rasterizer_budget_count": 1,
  "frame_count": 29,
  "frame_rasterizer_count": 29,
  "new_gen_gc_count": 2,
  "old_gen_gc_count": 2,
  "frame_build_times": [
    854,
    49,
    54,
    53,
    80,
    50,
    113,
    477,
    121,
    219,
    222,
    472,
    170,
    354,
    135,
    188,
    141,
    184,
    201,
    164,
    193,
    611,
    109,
    169,
    116,
    60,
    60,
    314,
    166
  ],
  "frame_rasterizer_times": [
    18986,
    1709,
    1271,
    3555,
    1390,
    951,
    2906,
    1830,
    1628,
    2548,
    965,
    1245,
    1233,
    1187,
    948,
    1045,
    987,
    935,
    1051,
    1124,
    1098,
    1207,
    585,
    1185,
    858,
    328,
    305,
    361,
    1354
  ],
  "frame_begin_times": [
    0,
    3023,
    20867,
    40836,
    60424,
    79703,
    99541,
    117777,
    134584,
    150092,
    165301,
    181592,
    195973,
    211578,
    226960,
    242973,
    257996,
    273126,
    303851,
    324506,
    343958,
    365739,
    380214,
    396359,
    416301,
    426487,
    441496,
    457316,
    543477
  ],
  "frame_rasterizer_begin_times": [
    0,
    18991,
    20704,
    40444,
    60065,
    79317,
    99197,
    117759,
    134241,
    149855,
    165059,
    181560,
    195682,
    211469,
    226635,
    242692,
    257678,
    272856,
    303573,
    324208,
    343675,
    365865,
    379861,
    396064,
    415959,
    426097,
    441113,
    456933,
    543255
  ],
  "average_vsync_transitions_missed": 1.0,
  "90th_percentile_vsync_transitions_missed": 1.0,
  "99th_percentile_vsync_transitions_missed": 1.0,
  "average_vsync_frame_lag": 0.0,
  "90th_percentile_vsync_frame_lag": 0.0,
  "99th_percentile_vsync_frame_lag": 0.0,
  "average_layer_cache_count": 0.0,
  "90th_percentile_layer_cache_count": 0.0,
  "99th_percentile_layer_cache_count": 0.0,
  "average_frame_request_pending_latency": 16176.757575757576,
  "90th_percentile_frame_request_pending_latency": 19863.0,
  "99th_percentile_frame_request_pending_latency": 30405.0,
  "worst_layer_cache_count": 0.0,
  "average_layer_cache_memory": 0.0,
  "90th_percentile_layer_cache_memory": 0.0,
  "99th_percentile_layer_cache_memory": 0.0,
  "worst_layer_cache_memory": 0.0,
  "average_picture_cache_count": 15.96551724137931,
  "90th_percentile_picture_cache_count": 20.0,
  "99th_percentile_picture_cache_count": 20.0,
  "worst_picture_cache_count": 20.0,
  "average_picture_cache_memory": 0.0407063103448276,
  "90th_percentile_picture_cache_memory": 0.051517,
  "99th_percentile_picture_cache_memory": 0.051517,
  "worst_picture_cache_memory": 0.051517,
  "total_ui_gc_time": 0.29400000000000004,
  "30hz_frame_percentage": 0.0,
  "60hz_frame_percentage": 100.0,
  "80hz_frame_percentage": 0.0,
  "90hz_frame_percentage": 0.0,
  "120hz_frame_percentage": 0.0,
  "illegal_refresh_rate_frame_count": 0,
  "average_gpu_frame_time": 0.0,
  "90th_percentile_gpu_frame_time": 0.0,
  "99th_percentile_gpu_frame_time": 0.0,
  "worst_gpu_frame_time": 0.0,
  "average_gpu_memory_mb": 0.0,
  "90th_percentile_gpu_memory_mb": 0.0,
  "99th_percentile_gpu_memory_mb": 0.0,
  "worst_gpu_memory_mb": 0.0
}