{
  "average_frame_build_time_millis": 0.22296774193548388,
  "90th_percentile_frame_build_time_millis": 0.322,
  "99th_percentile_frame_build_time_millis": 1.061,
  "worst_frame_build_time_millis": 1.061,
  "missed_frame_build_budget_count": 0,
  "average_frame_rasterizer_time_millis": 1.1930322580645163,
  "stddev_frame_rasterizer_time_millis": 0.19797294484911548,
  "90th_percentile_frame_rasterizer_time_millis": 1.531,
  "99th_percentile_frame_rasterizer_time_millis": 2.395,
  "worst_frame_rasterizer_time_millis": 2.395,
  "missed_frame_rasterizer_budget_count": 0,
  "frame_count": 31,
  "frame_rasterizer_count": 31,
  "new_gen_gc_count": 0,
  "old_gen_gc_count": 0,
  "frame_build_times": [
    630,
    69,
    113,
    58,
    113,
    141,
    116,
    276,
    322,
    194,
    163,
    197,
    52,
    135,
    192,
    219,
    184,
    192,
    186,
    196,
    263,
    172,
    156,
    146,
    169,
    215,
    187,
    276,
    160,
    1061,
    359
  ],
  "frame_rasterizer_times": [
    1252,
    1259,
    2395,
    1551,
    1677,
    1109,
    1460,
    1531,
    1342,
    1076,
    1081,
    1178,
    322,
    819,
    1154,
    1210,
    918,
    1165,
    1165,
    1085,
    1136,
    1226,
    805,
    875,
    1090,
    1150,
    1132,
    1146,
    1210,
    1198,
    1267
  ],
  "frame_begin_times": [
    0,
    15771,
    34653,
    35610,
    54977,
    62518,
    75056,
    94100,
    110700,
    124799,
    141364,
    157362,
    172403,
    187850,
    204809,
    221105,
    235581,
    255447,
    273445,
    283055,
    299082,
    330487,
    345521,
    361003,
    380924,
    400104,
    419289,
    438066,
    447973,
    468855,
    561665
  ],
  "frame_rasterizer_begin_times": [
    0,
    15414,
    34331,
    36733,
    54656,
    62229,
    74949,
    94006,
    110585,
    124623,
    141164,
    157197,
    172034,
    187554,
    204548,
    220972,
    235314,
    255195,
    273189,
    282810,
    298901,
    330300,
    345234,
    360700,
    380668,
    399867,
    419028,
    437897,
    447703,
    468612,
    561573
  ],
  "average_vsync_transitions_missed": 1.0,
  "90th_percentile_vsync_transitions_missed": 1.0,
  "99th_percentile_vsync_transitions_missed": 1.0,
  "average_vsync_frame_lag": 0.0,
  "90th_percentile_vsync_frame_lag": 0.0,
  "99th_percentile_vsync_frame_lag": 0.0,
  "average_layer_cache_count": 0.0,
  "90th_percentile_layer_cache_count": 0.0,
  "99th_percentile_layer_cache_count": 0.0,
  "average_frame_request_pending_latency": 15699.514285714286,
  "90th_percentile_frame_request_pending_latency": 19483.0,
  "99th_percentile_frame_request_pending_latency": 30960.0,
  "worst_layer_cache_count": 0.0,
  "average_layer_cache_memory": 0.0,
  "90th_percentile_layer_cache_memory": 0.0,
  "99th_percentile_layer_cache_memory": 0.0,
  "worst_layer_cache_memory": 0.0,
  "average_picture_cache_count": 16.225806451612904,
  "90th_percentile_picture_cache_count": 20.0,
  "99th_percentile_picture_cache_count": 20.0,
  "worst_picture_cache_count": 20.0,
  "average_picture_cache_memory": 0.041403774193548404,
  "90th_percentile_picture_cache_memory": 0.051517,
  "99th_percentile_picture_cache_memory": 0.051517,
  "worst_picture_cache_memory": 0.051517,
  "total_ui_gc_time": 0.0,
  "30hz_frame_percentage": 0.0,
  "60hz_frame_percentage": 100.0,
  "80hz_frame_percentage": 0.0,
  "90hz_frame_percentage": 0.0,
  "120hz_frame_percentage": 0.0,
  "illegal_refresh_rate_frame_count": 0,
  "average_gpu_frame_time": 0.0,
  "90th_percentile_gpu_frame_time": 0.0,
  "99th_percentile_gpu_frame_time": 0.0,
  "worst_gpu_frame_time": 0.0,
  "average_gpu_memory_mb": 0.0,
  "90th_percentile_gpu_memory_mb": 0.0,
  "99th_percentile_gpu_memory_mb": 0.0,
  "worst_gpu_memory_mb": 0.0
}