{
  "average_frame_build_time_millis": 0.17008571428571428,
  "90th_percentile_frame_build_time_millis": 0.35,
  "99th_percentile_frame_build_time_millis": 0.606,
  "worst_frame_build_time_millis": 0.606,
  "missed_frame_build_budget_count": 0,
  "average_frame_rasterizer_time_millis": 0.6831714285714287,
  "stddev_frame_rasterizer_time_millis": 0.49230204081632656,
  "90th_percentile_frame_rasterizer_time_millis": 1.547,
  "99th_percentile_frame_rasterizer_time_millis": 2.976,
  "worst_frame_rasterizer_time_millis": 2.976,
  "missed_frame_rasterizer_budget_count": 0,
  "frame_count": 35,
  "frame_rasterizer_count": 35,
  "new_gen_gc_count": 0,
  "old_gen_gc_count": 0,
  "frame_build_times": [
    597,
    97,
    80,
    86,
    87,
    75,
    69,
    70,
    64,
    76,
    83,
    86,
    102,
    59,
    76,
    90,
    94,
    101,
    92,
    102,
    97,
    144,
    257,
    241,
    213,
    350,
    303,
    355,
    295,
    329,
    203,
    84,
    182,
    606,
    108
  ],
  "frame_rasterizer_times": [
    335,
    270,
    227,
    223,
    213,
    211,
    224,
    289,
    246,
    246,
    280,
    326,
    279,
    391,
    330,
    321,
    314,
    447,
    379,
    424,
    414,
    933,
    1547,
    1624,
    1289,
    1367,
    1229,
    1725,
    1420,
    1337,
    563,
    422,
    2976,
    629,
    461
  ],
  "frame_begin_times": [
    0,
    16632,
    25007,
    41547,
    49901,
    66631,
    74904,
    91544,
    99922,
    116552,
    124880,
    141664,
    149860,
    166640,
    174841,
    191615,
    199946,
    216556,
    224893,
    241654,
    249966,
    266675,
    275039,
    291776,
    300012,
    316573,
    324915,
    341571,
    349902,
    367446,
    375079,
    391644,
    11516523,
    11524858,
    11624931
  ],
  "frame_rasterizer_begin_times": [
    0,
    16570,
    24938,
    41480,
    49835,
    66562,
    74831,
    91473,
    99851,
    116494,
    124811,
    141602,
    149815,
    166569,
    174768,
    191580,
    199912,
    216504,
    224839,
    241606,
    249938,
    266657,
    275123,
    291839,
    300062,
    316749,
    325047,
    341756,
    349984,
    367555,
    375119,
    391571,
    11516525,
    11524788,
    11624898
  ],
  "average_vsync_transitions_missed": 0.0,
  "90th_percentile_vsync_transitions_missed": 0.0,
  "99th_percentile_vsync_transitions_missed": 0.0,
  "average_vsync_frame_lag": 0.0,
  "90th_percentile_vsync_frame_lag": 0.0,
  "99th_percentile_vsync_frame_lag": 0.0,
  "average_layer_cache_count": 0.0,
  "90th_percentile_layer_cache_count": 0.0,
  "99th_percentile_layer_cache_count": 0.0,
  "average_frame_request_pending_latency": 8129.475409836065,
  "90th_percentile_frame_request_pending_latency": 8376.0,
  "99th_percentile_frame_request_pending_latency": 8437.0,
  "worst_layer_cache_count": 0.0,
  "average_layer_cache_memory": 0.0,
  "90th_percentile_layer_cache_memory": 0.0,
  "99th_percentile_layer_cache_memory": 0.0,
  "worst_layer_cache_memory": 0.0,
  "average_picture_cache_count": 0.0,
  "90th_percentile_picture_cache_count": 0.0,
  "99th_percentile_picture_cache_count": 0.0,
  "worst_picture_cache_count": 0.0,
  "average_picture_cache_memory": 0.0,
  "90th_percentile_picture_cache_memory": 0.0,
  "99th_percentile_picture_cache_memory": 0.0,
  "worst_picture_cache_memory": 0.0,
  "total_ui_gc_time": 0.0,
  "30hz_frame_percentage": 0.0,
  "60hz_frame_percentage": 0.0,
  "80hz_frame_percentage": 0.0,
  "90hz_frame_percentage": 0.0,
  "120hz_frame_percentage": 100.0,
  "illegal_refresh_rate_frame_count": 0,
  "average_gpu_frame_time": 0.0,
  "90th_percentile_gpu_frame_time": 0.0,
  "99th_percentile_gpu_frame_time": 0.0,
  "worst_gpu_frame_time": 0.0,
  "average_gpu_memory_mb": 0.0,
  "90th_percentile_gpu_memory_mb": 0.0,
  "99th_percentile_gpu_memory_mb": 0.0,
  "worst_gpu_memory_mb": 0.0
}