{
  "average_frame_build_time_millis": 0.146,
  "90th_percentile_frame_build_time_millis": 0.106,
  "99th_percentile_frame_build_time_millis": 1.144,
  "worst_frame_build_time_millis": 1.144,
  "missed_frame_build_budget_count": 0,
  "average_frame_rasterizer_time_millis": 5.98379411764706,
  "stddev_frame_rasterizer_time_millis": 9.770271626297578,
  "90th_percentile_frame_rasterizer_time_millis": 1.127,
  "99th_percentile_frame_rasterizer_time_millis": 126.676,
  "worst_frame_rasterizer_time_millis": 126.676,
  "missed_frame_rasterizer_budget_count": 3,
  "frame_count": 34,
  "frame_rasterizer_count": 34,
  "new_gen_gc_count": 2,
  "old_gen_gc_count": 0,
  "frame_build_times": [
    1142,
    68,
    81,
    94,
    65,
    55,
    46,
    93,
    72,
    74,
    83,
    71,
    84,
    88,
    75,
    89,
    83,
    82,
    91,
    90,
    72,
    98,
    104,
    106,
    101,
    102,
    69,
    80,
    90,
    95,
    66,
    97,
    1144,
    114
  ],
  "frame_rasterizer_times": [
    126676,
    980,
    375,
    24022,
    615,
    696,
    778,
    396,
    775,
    399,
    504,
    467,
    555,
    485,
    611,
    508,
    597,
    541,
    1013,
    706,
    819,
    750,
    952,
    871,
    1127,
    33348,
    585,
    380,
    392,
    370,
    356,
    465,
    478,
    857
  ],
  "frame_begin_times": [
    0,
    16717,
    133384,
    141674,
    158271,
    166649,
    183406,
    191680,
    208346,
    216676,
    233344,
    241676,
    258359,
    266687,
    283344,
    291689,
    308338,
    316672,
    333349,
    341661,
    358304,
    366657,
    383309,
    391654,
    408324,
    416660,
    433292,
    458342,
    466659,
    483322,
    491713,
    508331,
    516667,
    616740
  ],
  "frame_rasterizer_begin_times": [
    0,
    126716,
    132756,
    141059,
    165109,
    166000,
    182756,
    191066,
    207728,
    216043,
    232722,
    241043,
    257736,
    266071,
    282713,
    291077,
    307723,
    316057,
    332762,
    341073,
    357693,
    366061,
    382707,
    391054,
    407723,
    416057,
    449434,
    457713,
    466045,
    482708,
    491073,
    507728,
    516057,
    616139
  ],
  "average_vsync_transitions_missed": 2.0,
  "90th_percentile_vsync_transitions_missed": 3.0,
  "99th_percentile_vsync_transitions_missed": 3.0,
  "average_vsync_frame_lag": 0.0,
  "90th_percentile_vsync_frame_lag": 0.0,
  "99th_percentile_vsync_frame_lag": 0.0,
  "average_layer_cache_count": 0.0,
  "90th_percentile_layer_cache_count": 0.0,
  "99th_percentile_layer_cache_count": 0.0,
  "average_frame_request_pending_latency": 8247.824324324325,
  "90th_percentile_frame_request_pending_latency": 8388.0,
  "99th_percentile_frame_request_pending_latency": 8431.0,
  "worst_layer_cache_count": 0.0,
  "average_layer_cache_memory": 0.0,
  "90th_percentile_layer_cache_memory": 0.0,
  "99th_percentile_layer_cache_memory": 0.0,
  "worst_layer_cache_memory": 0.0,
  "average_picture_cache_count": 40.8235294117647,
  "90th_percentile_picture_cache_count": 70.0,
  "99th_percentile_picture_cache_count": 70.0,
  "worst_picture_cache_count": 70.0,
  "average_picture_cache_memory": 1.7246677352941173,
  "90th_percentile_picture_cache_memory": 2.971306,
  "99th_percentile_picture_cache_memory": 2.971306,
  "worst_picture_cache_memory": 2.971306,
  "total_ui_gc_time": 0.17,
  "30hz_frame_percentage": 0.0,
  "60hz_frame_percentage": 0.0,
  "80hz_frame_percentage": 0.0,
  "90hz_frame_percentage": 0.0,
  "120hz_frame_percentage": 100.0,
  "illegal_refresh_rate_frame_count": 0,
  "average_gpu_frame_time": 0.0,
  "90th_percentile_gpu_frame_time": 0.0,
  "99th_percentile_gpu_frame_time": 0.0,
  "worst_gpu_frame_time": 0.0,
  "average_gpu_memory_mb": 0.0,
  "90th_percentile_gpu_memory_mb": 0.0,
  "99th_percentile_gpu_memory_mb": 0.0,
  "worst_gpu_memory_mb": 0.0
}