{
  "average_frame_build_time_millis": 0.9478333333333334,
  "90th_percentile_frame_build_time_millis": 2.351,
  "99th_percentile_frame_build_time_millis": 7.979,
  "worst_frame_build_time_millis": 7.979,
  "missed_frame_build_budget_count": 0,
  "average_frame_rasterizer_time_millis": 1.2182857142857146,
  "stddev_frame_rasterizer_time_millis": 0.5603775510204083,
  "90th_percentile_frame_rasterizer_time_millis": 1.92,
  "99th_percentile_frame_rasterizer_time_millis": 2.057,
  "worst_frame_rasterizer_time_millis": 2.057,
  "missed_frame_rasterizer_budget_count": 0,
  "frame_count": 30,
  "frame_rasterizer_count": 28,
  "new_gen_gc_count": 4,
  "old_gen_gc_count": 2,
  "frame_build_times": [
    2214,
    7979,
    934,
    3384,
    547,
    2351,
    2003,
    484,
    403,
    100,
    142,
    268,
    383,
    379,
    286,
    382,
    348,
    189,
    77,
    389,
    281,
    379,
    307,
    94,
    46,
    51,
    43,
    106,
    3752,
    134
  ],
  "frame_rasterizer_times": [
    701,
    583,
    526,
    757,
    1844,
    1891,
    1835,
    496,
    696,
    1056,
    1691,
    1524,
    1544,
    1898,
    2003,
    1126,
    909,
    1800,
    1920,
    2043,
    2057,
    992,
    414,
    421,
    414,
    405,
    933,
    1633
  ],
  "frame_begin_times": [
    0,
    14824,
    30822,
    46792,
    62852,
    78182,
    111271,
    126074,
    141921,
    161699,
    171408,
    186944,
    203148,
    218570,
    233580,
    264658,
    284494,
    289421,
    304090,
    323431,
    342061,
    373453,
    392828,
    397916,
    417001,
    434361,
    436260,
    455583,
    480565,
    557205
  ],
  "frame_rasterizer_begin_times": [
    0,
    16953,
    31992,
    47535,
    80770,
    95571,
    111342,
    130825,
    140576,
    156233,
    172545,
    187966,
    202883,
    234057,
    253871,
    258620,
    273183,
    292656,
    311347,
    342818,
    362106,
    367027,
    386071,
    403437,
    405327,
    424702,
    449695,
    526408
  ],
  "average_vsync_transitions_missed": 1.0,
  "90th_percentile_vsync_transitions_missed": 1.0,
  "99th_percentile_vsync_transitions_missed": 1.0,
  "average_vsync_frame_lag": 0.0,
  "90th_percentile_vsync_frame_lag": 0.0,
  "99th_percentile_vsync_frame_lag": 0.0,
  "average_layer_cache_count": 0.0,
  "90th_percentile_layer_cache_count": 0.0,
  "99th_percentile_layer_cache_count": 0.0,
  "average_frame_request_pending_latency": 16619.909090909092,
  "90th_percentile_frame_request_pending_latency": 30912.0,
  "99th_percentile_frame_request_pending_latency": 32853.0,
  "worst_layer_cache_count": 0.0,
  "average_layer_cache_memory": 0.0,
  "90th_percentile_layer_cache_memory": 0.0,
  "99th_percentile_layer_cache_memory": 0.0,
  "worst_layer_cache_memory": 0.0,
  "average_picture_cache_count": 0.0,
  "90th_percentile_picture_cache_count": 0.0,
  "99th_percentile_picture_cache_count": 0.0,
  "worst_picture_cache_count": 0.0,
  "average_picture_cache_memory": 0.0,
  "90th_percentile_picture_cache_memory": 0.0,
  "99th_percentile_picture_cache_memory": 0.0,
  "worst_picture_cache_memory": 0.0,
  "total_ui_gc_time": 5.367,
  "30hz_frame_percentage": 0.0,
  "60hz_frame_percentage": 100.0,
  "80hz_frame_percentage": 0.0,
  "90hz_frame_percentage": 0.0,
  "120hz_frame_percentage": 0.0,
  "illegal_refresh_rate_frame_count": 0,
  "average_gpu_frame_time": 0.0,
  "90th_percentile_gpu_frame_time": 0.0,
  "99th_percentile_gpu_frame_time": 0.0,
  "worst_gpu_frame_time": 0.0,
  "average_gpu_memory_mb": 0.0,
  "90th_percentile_gpu_memory_mb": 0.0,
  "99th_percentile_gpu_memory_mb": 0.0,
  "worst_gpu_memory_mb": 0.0
}