{
  "average_frame_build_time_millis": 0.6195862068965516,
  "90th_percentile_frame_build_time_millis": 1.09,
  "99th_percentile_frame_build_time_millis": 4.722,
  "worst_frame_build_time_millis": 4.722,
  "missed_frame_build_budget_count": 0,
  "average_frame_rasterizer_time_millis": 3.5657777777777784,
  "stddev_frame_rasterizer_time_millis": 0.5924197530864197,
  "90th_percentile_frame_rasterizer_time_millis": 4.296,
  "99th_percentile_frame_rasterizer_time_millis": 5.92,
  "worst_frame_rasterizer_time_millis": 5.92,
  "missed_frame_rasterizer_budget_count": 0,
  "frame_count": 29,
  "frame_rasterizer_count": 27,
  "new_gen_gc_count": 2,
  "old_gen_gc_count": 0,
  "frame_build_times": [
    656,
    3657,
    713,
    3623,
    1090,
    174,
    168,
    218,
    282,
    171,
    168,
    200,
    206,
    164,
    141,
    97,
    93,
    47,
    92,
    110,
    161,
    170,
    96,
    127,
    123,
    131,
    107,
    4722,
    261
  ],
  "frame_rasterizer_times": [
    2388,
    3422,
    4494,
    4996,
    3564,
    3971,
    4296,
    4137,
    3500,
    3695,
    3732,
    3548,
    3657,
    3147,
    2091,
    2015,
    1752,
    3116,
    4095,
    5920,
    3521,
    3236,
    4079,
    3451,
    3715,
    3530,
    3208
  ],
  "frame_begin_times": [
    0,
    15182,
    34676,
    55272,
    77406,
    92870,
    108659,
    124230,
    139277,
    155647,
    171322,
    187301,
    202387,
    218094,
    233734,
    249555,
    264931,
    268736,
    288540,
    307580,
    327244,
    342797,
    358503,
    374143,
    389793,
    404931,
    419684,
    435800,
    531306
  ],
  "frame_rasterizer_begin_times": [
    0,
    18206,
    39130,
    61028,
    76403,
    92185,
    107797,
    122913,
    139180,
    154848,
    170856,
    185950,
    201617,
    217229,
    233012,
    248379,
    252139,
    271984,
    291039,
    310744,
    326308,
    341947,
    357616,
    373261,
    388398,
    403137,
    419268
  ],
  "average_vsync_transitions_missed": 1.0,
  "90th_percentile_vsync_transitions_missed": 1.0,
  "99th_percentile_vsync_transitions_missed": 1.0,
  "average_vsync_frame_lag": 0.0,
  "90th_percentile_vsync_frame_lag": 0.0,
  "99th_percentile_vsync_frame_lag": 0.0,
  "average_layer_cache_count": 0.0,
  "90th_percentile_layer_cache_count": 0.0,
  "99th_percentile_layer_cache_count": 0.0,
  "average_frame_request_pending_latency": 16337.5,
  "90th_percentile_frame_request_pending_latency": 19832.0,
  "99th_percentile_frame_request_pending_latency": 22636.0,
  "worst_layer_cache_count": 0.0,
  "average_layer_cache_memory": 0.0,
  "90th_percentile_layer_cache_memory": 0.0,
  "99th_percentile_layer_cache_memory": 0.0,
  "worst_layer_cache_memory": 0.0,
  "average_picture_cache_count": 32.142857142857146,
  "90th_percentile_picture_cache_count": 63.0,
  "99th_percentile_picture_cache_count": 72.0,
  "worst_picture_cache_count": 72.0,
  "average_picture_cache_memory": 0.08430753571428573,
  "90th_percentile_picture_cache_memory": 0.163559,
  "99th_percentile_picture_cache_memory": 0.186005,
  "worst_picture_cache_memory": 0.186005,
  "total_ui_gc_time": 1.464,
  "30hz_frame_percentage": 0.0,
  "60hz_frame_percentage": 100.0,
  "80hz_frame_percentage": 0.0,
  "90hz_frame_percentage": 0.0,
  "120hz_frame_percentage": 0.0,
  "illegal_refresh_rate_frame_count": 0,
  "average_gpu_frame_time": 0.0,
  "90th_percentile_gpu_frame_time": 0.0,
  "99th_percentile_gpu_frame_time": 0.0,
  "worst_gpu_frame_time": 0.0,
  "average_gpu_memory_mb": 0.0,
  "90th_percentile_gpu_memory_mb": 0.0,
  "99th_percentile_gpu_memory_mb": 0.0,
  "worst_gpu_memory_mb": 0.0
}