{
  "average_frame_build_time_millis": 0.6003703703703704,
  "90th_percentile_frame_build_time_millis": 0.627,
  "99th_percentile_frame_build_time_millis": 5.109,
  "worst_frame_build_time_millis": 5.109,
  "missed_frame_build_budget_count": 0,
  "average_frame_rasterizer_time_millis": 3.415880000000001,
  "stddev_frame_rasterizer_time_millis": 1.0266655999999998,
  "90th_percentile_frame_rasterizer_time_millis": 5.03,
  "99th_percentile_frame_rasterizer_time_millis": 7.529,
  "worst_frame_rasterizer_time_millis": 7.529,
  "missed_frame_rasterizer_budget_count": 0,
  "frame_count": 27,
  "frame_rasterizer_count": 25,
  "new_gen_gc_count": 2,
  "old_gen_gc_count": 2,
  "frame_build_times": [
    4400,
    2493,
    627,
    132,
    96,
    116,
    232,
    353,
    92,
    159,
    102,
    98,
    412,
    132,
    166,
    123,
    95,
    123,
    106,
    103,
    121,
    64,
    141,
    180,
    136,
    5109,
    299
  ],
  "frame_rasterizer_times": [
    2592,
    2809,
    2384,
    2206,
    3003,
    5030,
    4623,
    2231,
    2419,
    2127,
    2536,
    7529,
    3447,
    4182,
    4348,
    2769,
    2882,
    3703,
    3845,
    3580,
    1873,
    1889,
    5688,
    4433,
    3269
  ],
  "frame_begin_times": [
    0,
    20104,
    37446,
    52640,
    57482,
    77035,
    97015,
    114844,
    123519,
    141444,
    162207,
    177430,
    209384,
    224741,
    240220,
    259479,
    271064,
    287168,
    303018,
    318045,
    333075,
    363207,
    378693,
    410821,
    430613,
    442051,
    536741
  ],
  "frame_rasterizer_begin_times": [
    0,
    17118,
    32255,
    37062,
    56635,
    76728,
    94742,
    103094,
    121088,
    141783,
    157010,
    189273,
    204355,
    219846,
    239076,
    250636,
    266760,
    282584,
    297619,
    312666,
    342752,
    358308,
    390458,
    410215,
    421653
  ],
  "average_vsync_transitions_missed": 1.0,
  "90th_percentile_vsync_transitions_missed": 1.0,
  "99th_percentile_vsync_transitions_missed": 1.0,
  "average_vsync_frame_lag": 0.0,
  "90th_percentile_vsync_frame_lag": 0.0,
  "99th_percentile_vsync_frame_lag": 0.0,
  "average_layer_cache_count": 0.0,
  "90th_percentile_layer_cache_count": 0.0,
  "99th_percentile_layer_cache_count": 0.0,
  "average_frame_request_pending_latency": 17037.41935483871,
  "90th_percentile_frame_request_pending_latency": 20715.0,
  "99th_percentile_frame_request_pending_latency": 31869.0,
  "worst_layer_cache_count": 0.0,
  "average_layer_cache_memory": 0.0,
  "90th_percentile_layer_cache_memory": 0.0,
  "99th_percentile_layer_cache_memory": 0.0,
  "worst_layer_cache_memory": 0.0,
  "average_picture_cache_count": 31.846153846153847,
  "90th_percentile_picture_cache_count": 63.0,
  "99th_percentile_picture_cache_count": 69.0,
  "worst_picture_cache_count": 69.0,
  "average_picture_cache_memory": 0.08363869230769232,
  "90th_percentile_picture_cache_memory": 0.163559,
  "99th_percentile_picture_cache_memory": 0.179821,
  "worst_picture_cache_memory": 0.179821,
  "total_ui_gc_time": 3.936,
  "30hz_frame_percentage": 0.0,
  "60hz_frame_percentage": 100.0,
  "80hz_frame_percentage": 0.0,
  "90hz_frame_percentage": 0.0,
  "120hz_frame_percentage": 0.0,
  "illegal_refresh_rate_frame_count": 0,
  "average_gpu_frame_time": 0.0,
  "90th_percentile_gpu_frame_time": 0.0,
  "99th_percentile_gpu_frame_time": 0.0,
  "worst_gpu_frame_time": 0.0,
  "average_gpu_memory_mb": 0.0,
  "90th_percentile_gpu_memory_mb": 0.0,
  "99th_percentile_gpu_memory_mb": 0.0,
  "worst_gpu_memory_mb": 0.0
}